{
    "pacman": [
        {
            "name": "left",
            "duration": 500,
            "frames": [
                { "x": 457, "y": 17, "width": 13, "height": 13 },
                { "x": 473, "y": 17, "width": 13, "height": 13 },
                { "x": 489, "y": 1, "width": 13, "height": 13 },
                { "x": 473, "y": 17, "width": 13, "height": 13 }
            ]
        },
        {
            "name": "waitleft",
            "duration": 99999,
            "frames": [
                { "x": 473, "y": 17, "width": 13, "height": 13 }
            ]
        },
        {
            "name": "right",
            "duration": 500,
            "frames": [
                { "x": 457, "y": 1, "width": 13, "height": 13 },
                { "x": 473, "y": 1, "width": 13, "height": 13 },
                { "x": 489, "y": 1, "width": 13, "height": 13 },
                { "x": 473, "y": 1, "width": 13, "height": 13 }
            ]
        },
        {
            "name": "waitright",
            "duration": 99999,
            "frames": [{
                "x": 473,
                "y": 1,
                "width": 13,
                "height": 13
            }]
        },
        {
            "name": "up",
            "duration": 500,
            "frames": [{
                    "x": 457,
                    "y": 33,
                    "width": 13,
                    "height": 13
                },
                {
                    "x": 473,
                    "y": 33,
                    "width": 13,
                    "height": 13
                },
                {
                    "x": 489,
                    "y": 1,
                    "width": 13,
                    "height": 13
                },
                {
                    "x": 473,
                    "y": 33,
                    "width": 13,
                    "height": 13
                }
            ]
        },
        {
            "name": "waitup",
            "duration": 99999,
            "frames": [{
                "x": 457,
                "y": 33,
                "width": 13,
                "height": 13
            }]
        },
        {
            "name": "down",
            "duration": 500,
            "frames": [{
                    "x": 457,
                    "y": 49,
                    "width": 13,
                    "height": 13
                },
                {
                    "x": 473,
                    "y": 49,
                    "width": 13,
                    "height": 13
                },
                {
                    "x": 489,
                    "y": 1,
                    "width": 13,
                    "height": 13
                },
                {
                    "x": 473,
                    "y": 49,
                    "width": 13,
                    "height": 13
                }
            ]
        },
        {
            "name": "waitdown",
            "duration": 99999,
            "frames": [{
                "x": 457,
                "y": 49,
                "width": 13,
                "height": 13
            }]
        },
        {
            "name": "die",
            "duration": 1500,
            "frames": [{
                    "x": 489,
                    "y": 1,
                    "width": 13,
                    "height": 13
                },
                {
                    "x": 505,
                    "y": 1,
                    "width": 13,
                    "height": 13
                },
                {
                    "x": 521,
                    "y": 1,
                    "width": 13,
                    "height": 13
                },
                {
                    "x": 537,
                    "y": 1,
                    "width": 13,
                    "height": 13
                },
                {
                    "x": 553,
                    "y": 1,
                    "width": 13,
                    "height": 13
                },
                {
                    "x": 569,
                    "y": 1,
                    "width": 13,
                    "height": 13
                },
                {
                    "x": 585,
                    "y": 1,
                    "width": 13,
                    "height": 13
                },
                {
                    "x": 601,
                    "y": 2,
                    "width": 13,
                    "height": 13
                },
                {
                    "x": 617,
                    "y": 2,
                    "width": 13,
                    "height": 13
                },
                {
                    "x": 633,
                    "y": 2,
                    "width": 13,
                    "height": 13
                },
                {
                    "x": 649,
                    "y": 3,
                    "width": 13,
                    "height": 13
                },
                {
                    "x": 665,
                    "y": 43,
                    "width": 13,
                    "height": 13
                }
            ]
        }
    ],

    "redGhost": [{
            "name": "left",
            "duration": 500,
            "frames": [{
                "x": 489,
                "y": 65,
                "width": 14,
                "height": 14
            },
            {
                "x": 505,
                "y": 65,
                "width": 14,
                "height": 14
            }
            ]
        },
        {
            "name": "right",
            "duration": 500,
            "frames": [{
                "x": 457,
                "y": 65,
                "width": 14,
                "height": 14
            },
            {
                "x": 473,
                "y": 65,
                "width": 14,
                "height": 14
            }
            ]
        },
        {
            "name": "up",
            "duration": 500,
            "frames": [{
                    "x": 521,
                    "y": 65,
                    "width": 14,
                    "height": 14
                },
                {
                    "x": 537,
                    "y": 65,
                    "width": 14,
                    "height": 14
                }
            ]
        },
        {
            "name": "down",
            "duration": 500,
            "frames": [{
                    "x": 553,
                    "y": 65,
                    "width": 14,
                    "height": 14
                },
                {
                    "x": 569,
                    "y": 65,
                    "width": 14,
                    "height": 14
                }
            ]
        }
    ],

    "pinkGhost": [{
            "name": "left",
            "duration": 500,
            "frames": [{
                "x": 489,
                "y": 81,
                "width": 14,
                "height": 14
            },
            {
                "x": 505,
                "y": 81,
                "width": 14,
                "height": 14
            }
            ]
        },
        {
            "name": "right",
            "duration": 500,
            "frames": [{
                "x": 457,
                "y": 81,
                "width": 14,
                "height": 14
            },
            {
                "x": 473,
                "y": 81,
                "width": 14,
                "height": 14
            }
            ]
        },
        {
            "name": "up",
            "duration": 500,
            "frames": [{
                    "x": 521,
                    "y": 81,
                    "width": 14,
                    "height": 14
                },
                {
                    "x": 537,
                    "y": 81,
                    "width": 14,
                    "height": 14
                }
            ]
        },
        {
            "name": "down",
            "duration": 500,
            "frames": [{
                    "x": 553,
                    "y": 81,
                    "width": 14,
                    "height": 14
                },
                {
                    "x": 569,
                    "y": 81,
                    "width": 14,
                    "height": 14
                }
            ]
        }
    ],

    "turquoiseGhost": [{
            "name": "left",
            "duration": 500,
            "frames": [{
                "x": 489,
                "y": 97,
                "width": 14,
                "height": 14
            },
            {
                "x": 505,
                "y": 97,
                "width": 14,
                "height": 14
            }
            ]
        },
        {
            "name": "right",
            "duration": 500,
            "frames": [{
                "x": 457,
                "y": 97,
                "width": 14,
                "height": 14
            },
            {
                "x": 473,
                "y": 97,
                "width": 14,
                "height": 14
            }
            ]
        },
        {
            "name": "up",
            "duration": 500,
            "frames": [{
                    "x": 521,
                    "y": 97,
                    "width": 14,
                    "height": 14
                },
                {
                    "x": 537,
                    "y": 97,
                    "width": 14,
                    "height": 14
                }
            ]
        },
        {
            "name": "down",
            "duration": 500,
            "frames": [{
                    "x": 553,
                    "y": 97,
                    "width": 14,
                    "height": 14
                },
                {
                    "x": 569,
                    "y": 97,
                    "width": 14,
                    "height": 14
                }
            ]
        }
    ],

    "bananaGhost": [{
            "name": "left",
            "duration": 500,
            "frames": [{
                "x": 489,
                "y": 113,
                "width": 14,
                "height": 14
            },
            {
                "x": 505,
                "y": 113,
                "width": 14,
                "height": 14
            }
            ]
        },
        {
            "name": "right",
            "duration": 500,
            "frames": [{
                "x": 457,
                "y": 113,
                "width": 14,
                "height": 14
            },
            {
                "x": 473,
                "y": 113,
                "width": 14,
                "height": 14
            }
            ]
        },
        {
            "name": "up",
            "duration": 500,
            "frames": [{
                    "x": 521,
                    "y": 113,
                    "width": 14,
                    "height": 14
                },
                {
                    "x": 537,
                    "y": 113,
                    "width": 14,
                    "height": 14
                }
            ]
        },
        {
            "name": "down",
            "duration": 500,
            "frames": [{
                    "x": 553,
                    "y": 113,
                    "width": 14,
                    "height": 14
                },
                {
                    "x": 569,
                    "y": 113,
                    "width": 14,
                    "height": 14
                }
            ]
        }
    ],

    "blueGhost": [{
            "name": "left",
            "duration": 350,
            "frames": [{
                    "x": 585,
                    "y": 65,
                    "width": 14,
                    "height": 14
                },
                {
                    "x": 601,
                    "y": 65,
                    "width": 14,
                    "height": 14
                }
            ]
        },
        {
            "name": "right",
            "duration": 350,
            "frames": [{
                    "x": 585,
                    "y": 65,
                    "width": 14,
                    "height": 14
                },
                {
                    "x": 601,
                    "y": 65,
                    "width": 14,
                    "height": 14
                }
            ]
        },
        {
            "name": "up",
            "duration": 350,
            "frames": [{
                    "x": 585,
                    "y": 65,
                    "width": 14,
                    "height": 14
                },
                {
                    "x": 601,
                    "y": 65,
                    "width": 14,
                    "height": 14
                }
            ]
        },
        {
            "name": "down",
            "duration": 350,
            "frames": [{
                    "x": 585,
                    "y": 65,
                    "width": 14,
                    "height": 14
                },
                {
                    "x": 601,
                    "y": 65,
                    "width": 14,
                    "height": 14
                }
            ]
        }
    ],

    "maze": {
        "x": 228,
        "y": 0,
        "width": 224,
        "height": 248,
        "walls": [{
                "x": 0,
                "y": 0,
                "width": 224,
                "height": 4
            },
            {
                "x": 220,
                "y": 0,
                "width": 4,
                "height": 108
            },
            {
                "x": 220,
                "y": 124,
                "width": 4,
                "height": 124
            },
            {
                "x": 0,
                "y": 244,
                "width": 224,
                "height": 4
            },
            {
                "x": 0,
                "y": 124,
                "width": 4,
                "height": 124
            },
            {
                "x": 0,
                "y": 0,
                "width": 4,
                "height": 108
            },
            {
                "x": 20,
                "y": 20,
                "width": 24,
                "height": 16
            },
            {
                "x": 60,
                "y": 20,
                "width": 32,
                "height": 16
            },
            {
                "x": 108,
                "y": 0,
                "width": 8,
                "height": 36
            },
            {
                "x": 132,
                "y": 20,
                "width": 32,
                "height": 16
            },
            {
                "x": 180,
                "y": 20,
                "width": 24,
                "height": 16
            },
            {
                "x": 20,
                "y": 52,
                "width": 24,
                "height": 8
            },
            {
                "x": 84,
                "y": 52,
                "width": 56,
                "height": 8
            },
            {
                "x": 180,
                "y": 52,
                "width": 24,
                "height": 8
            },
            {
                "x": 60,
                "y": 52,
                "width": 8,
                "height": 56
            },
            {
                "x": 60,
                "y": 76,
                "width": 32,
                "height": 8
            },
            {
                "x": 108,
                "y": 52,
                "width": 8,
                "height": 32
            },
            {
                "x": 156,
                "y": 52,
                "width": 8,
                "height": 56
            },
            {
                "x": 132,
                "y": 76,
                "width": 32,
                "height": 8
            },
            {
                "x": 0,
                "y": 76,
                "width": 44,
                "height": 32
            },
            {
                "x": 180,
                "y": 76,
                "width": 44,
                "height": 32
            },
            {
                "x": 84,
                "y": 100,
                "width": 56,
                "height": 32
            },
            {
                "x": 0,
                "y": 124,
                "width": 44,
                "height": 32
            },
            {
                "x": 60,
                "y": 124,
                "width": 8,
                "height": 32
            },
            {
                "x": 156,
                "y": 124,
                "width": 8,
                "height": 32
            },
            {
                "x": 84,
                "y": 148,
                "width": 56,
                "height": 8
            },
            {
                "x": 108,
                "y": 148,
                "width": 8,
                "height": 32
            },
            {
                "x": 20,
                "y": 172,
                "width": 24,
                "height": 8
            },
            {
                "x": 36,
                "y": 172,
                "width": 8,
                "height": 32
            },
            {
                "x": 60,
                "y": 172,
                "width": 32,
                "height": 8
            },
            {
                "x": 132,
                "y": 172,
                "width": 32,
                "height": 8
            },
            {
                "x": 180,
                "y": 172,
                "width": 24,
                "height": 8
            },
            {
                "x": 180,
                "y": 172,
                "width": 8,
                "height": 32
            },
            {
                "x": 0,
                "y": 196,
                "width": 20,
                "height": 8
            },
            {
                "x": 204,
                "y": 196,
                "width": 20,
                "height": 8
            },
            {
                "x": 20,
                "y": 220,
                "width": 72,
                "height": 8
            },
            {
                "x": 84,
                "y": 196,
                "width": 56,
                "height": 8
            },
            {
                "x": 132,
                "y": 220,
                "width": 72,
                "height": 8
            },
            {
                "x": 60,
                "y": 196,
                "width": 8,
                "height": 32
            },
            {
                "x": 108,
                "y": 196,
                "width": 8,
                "height": 32
            },
            {
                "x": 156,
                "y": 196,
                "width": 8,
                "height": 32
            },
            {
                "x": 180,
                "y": 124,
                "width": 44,
                "height": 32
            }
        ],
        "foods": [{
            "x": 11,
            "y": 11,
            "width": 2,
            "height": 2
        }, {
            "x": 19,
            "y": 11,
            "width": 2,
            "height": 2
        }, {
            "x": 27,
            "y": 11,
            "width": 2,
            "height": 2
        }, {
            "x": 35,
            "y": 11,
            "width": 2,
            "height": 2
        }, {
            "x": 43,
            "y": 11,
            "width": 2,
            "height": 2
        }, {
            "x": 51,
            "y": 11,
            "width": 2,
            "height": 2
        }, {
            "x": 59,
            "y": 11,
            "width": 2,
            "height": 2
        }, {
            "x": 67,
            "y": 11,
            "width": 2,
            "height": 2
        }, {
            "x": 75,
            "y": 11,
            "width": 2,
            "height": 2
        }, {
            "x": 83,
            "y": 11,
            "width": 2,
            "height": 2
        }, {
            "x": 91,
            "y": 11,
            "width": 2,
            "height": 2
        }, {
            "x": 99,
            "y": 11,
            "width": 2,
            "height": 2
        }, {
            "x": 123,
            "y": 11,
            "width": 2,
            "height": 2
        }, {
            "x": 131,
            "y": 11,
            "width": 2,
            "height": 2
        }, {
            "x": 139,
            "y": 11,
            "width": 2,
            "height": 2
        }, {
            "x": 147,
            "y": 11,
            "width": 2,
            "height": 2
        }, {
            "x": 155,
            "y": 11,
            "width": 2,
            "height": 2
        }, {
            "x": 163,
            "y": 11,
            "width": 2,
            "height": 2
        }, {
            "x": 171,
            "y": 11,
            "width": 2,
            "height": 2
        }, {
            "x": 179,
            "y": 11,
            "width": 2,
            "height": 2
        }, {
            "x": 187,
            "y": 11,
            "width": 2,
            "height": 2
        }, {
            "x": 195,
            "y": 11,
            "width": 2,
            "height": 2
        }, {
            "x": 203,
            "y": 11,
            "width": 2,
            "height": 2
        }, {
            "x": 211,
            "y": 11,
            "width": 2,
            "height": 2
        }, {
            "x": 11,
            "y": 19,
            "width": 2,
            "height": 2
        }, {
            "x": 51,
            "y": 19,
            "width": 2,
            "height": 2
        }, {
            "x": 99,
            "y": 19,
            "width": 2,
            "height": 2
        }, {
            "x": 123,
            "y": 19,
            "width": 2,
            "height": 2
        }, {
            "x": 171,
            "y": 19,
            "width": 2,
            "height": 2
        }, {
            "x": 211,
            "y": 19,
            "width": 2,
            "height": 2
        }, {
            "x": 51,
            "y": 27,
            "width": 2,
            "height": 2
        }, {
            "x": 99,
            "y": 27,
            "width": 2,
            "height": 2
        }, {
            "x": 123,
            "y": 27,
            "width": 2,
            "height": 2
        }, {
            "x": 171,
            "y": 27,
            "width": 2,
            "height": 2
        }, {
            "x": 11,
            "y": 35,
            "width": 2,
            "height": 2
        }, {
            "x": 51,
            "y": 35,
            "width": 2,
            "height": 2
        }, {
            "x": 99,
            "y": 35,
            "width": 2,
            "height": 2
        }, {
            "x": 123,
            "y": 35,
            "width": 2,
            "height": 2
        }, {
            "x": 171,
            "y": 35,
            "width": 2,
            "height": 2
        }, {
            "x": 211,
            "y": 35,
            "width": 2,
            "height": 2
        }, {
            "x": 11,
            "y": 43,
            "width": 2,
            "height": 2
        }, {
            "x": 19,
            "y": 43,
            "width": 2,
            "height": 2
        }, {
            "x": 27,
            "y": 43,
            "width": 2,
            "height": 2
        }, {
            "x": 35,
            "y": 43,
            "width": 2,
            "height": 2
        }, {
            "x": 43,
            "y": 43,
            "width": 2,
            "height": 2
        }, {
            "x": 51,
            "y": 43,
            "width": 2,
            "height": 2
        }, {
            "x": 59,
            "y": 43,
            "width": 2,
            "height": 2
        }, {
            "x": 67,
            "y": 43,
            "width": 2,
            "height": 2
        }, {
            "x": 75,
            "y": 43,
            "width": 2,
            "height": 2
        }, {
            "x": 83,
            "y": 43,
            "width": 2,
            "height": 2
        }, {
            "x": 91,
            "y": 43,
            "width": 2,
            "height": 2
        }, {
            "x": 99,
            "y": 43,
            "width": 2,
            "height": 2
        }, {
            "x": 107,
            "y": 43,
            "width": 2,
            "height": 2
        }, {
            "x": 115,
            "y": 43,
            "width": 2,
            "height": 2
        }, {
            "x": 123,
            "y": 43,
            "width": 2,
            "height": 2
        }, {
            "x": 131,
            "y": 43,
            "width": 2,
            "height": 2
        }, {
            "x": 139,
            "y": 43,
            "width": 2,
            "height": 2
        }, {
            "x": 147,
            "y": 43,
            "width": 2,
            "height": 2
        }, {
            "x": 155,
            "y": 43,
            "width": 2,
            "height": 2
        }, {
            "x": 163,
            "y": 43,
            "width": 2,
            "height": 2
        }, {
            "x": 171,
            "y": 43,
            "width": 2,
            "height": 2
        }, {
            "x": 179,
            "y": 43,
            "width": 2,
            "height": 2
        }, {
            "x": 187,
            "y": 43,
            "width": 2,
            "height": 2
        }, {
            "x": 195,
            "y": 43,
            "width": 2,
            "height": 2
        }, {
            "x": 203,
            "y": 43,
            "width": 2,
            "height": 2
        }, {
            "x": 211,
            "y": 43,
            "width": 2,
            "height": 2
        }, {
            "x": 11,
            "y": 51,
            "width": 2,
            "height": 2
        }, {
            "x": 51,
            "y": 51,
            "width": 2,
            "height": 2
        }, {
            "x": 75,
            "y": 51,
            "width": 2,
            "height": 2
        }, {
            "x": 147,
            "y": 51,
            "width": 2,
            "height": 2
        }, {
            "x": 171,
            "y": 51,
            "width": 2,
            "height": 2
        }, {
            "x": 211,
            "y": 51,
            "width": 2,
            "height": 2
        }, {
            "x": 11,
            "y": 59,
            "width": 2,
            "height": 2
        }, {
            "x": 51,
            "y": 59,
            "width": 2,
            "height": 2
        }, {
            "x": 75,
            "y": 59,
            "width": 2,
            "height": 2
        }, {
            "x": 147,
            "y": 59,
            "width": 2,
            "height": 2
        }, {
            "x": 171,
            "y": 59,
            "width": 2,
            "height": 2
        }, {
            "x": 211,
            "y": 59,
            "width": 2,
            "height": 2
        }, {
            "x": 11,
            "y": 67,
            "width": 2,
            "height": 2
        }, {
            "x": 19,
            "y": 67,
            "width": 2,
            "height": 2
        }, {
            "x": 27,
            "y": 67,
            "width": 2,
            "height": 2
        }, {
            "x": 35,
            "y": 67,
            "width": 2,
            "height": 2
        }, {
            "x": 43,
            "y": 67,
            "width": 2,
            "height": 2
        }, {
            "x": 51,
            "y": 67,
            "width": 2,
            "height": 2
        }, {
            "x": 75,
            "y": 67,
            "width": 2,
            "height": 2
        }, {
            "x": 83,
            "y": 67,
            "width": 2,
            "height": 2
        }, {
            "x": 91,
            "y": 67,
            "width": 2,
            "height": 2
        }, {
            "x": 99,
            "y": 67,
            "width": 2,
            "height": 2
        }, {
            "x": 123,
            "y": 67,
            "width": 2,
            "height": 2
        }, {
            "x": 131,
            "y": 67,
            "width": 2,
            "height": 2
        }, {
            "x": 139,
            "y": 67,
            "width": 2,
            "height": 2
        }, {
            "x": 147,
            "y": 67,
            "width": 2,
            "height": 2
        }, {
            "x": 171,
            "y": 67,
            "width": 2,
            "height": 2
        }, {
            "x": 179,
            "y": 67,
            "width": 2,
            "height": 2
        }, {
            "x": 187,
            "y": 67,
            "width": 2,
            "height": 2
        }, {
            "x": 195,
            "y": 67,
            "width": 2,
            "height": 2
        }, {
            "x": 203,
            "y": 67,
            "width": 2,
            "height": 2
        }, {
            "x": 211,
            "y": 67,
            "width": 2,
            "height": 2
        }, {
            "x": 51,
            "y": 75,
            "width": 2,
            "height": 2
        }, {
            "x": 171,
            "y": 75,
            "width": 2,
            "height": 2
        }, {
            "x": 51,
            "y": 83,
            "width": 2,
            "height": 2
        }, {
            "x": 171,
            "y": 83,
            "width": 2,
            "height": 2
        }, {
            "x": 51,
            "y": 91,
            "width": 2,
            "height": 2
        }, {
            "x": 171,
            "y": 91,
            "width": 2,
            "height": 2
        }, {
            "x": 51,
            "y": 99,
            "width": 2,
            "height": 2
        }, {
            "x": 171,
            "y": 99,
            "width": 2,
            "height": 2
        }, {
            "x": 51,
            "y": 107,
            "width": 2,
            "height": 2
        }, {
            "x": 171,
            "y": 107,
            "width": 2,
            "height": 2
        }, {
            "x": 51,
            "y": 115,
            "width": 2,
            "height": 2
        }, {
            "x": 171,
            "y": 115,
            "width": 2,
            "height": 2
        }, {
            "x": 51,
            "y": 123,
            "width": 2,
            "height": 2
        }, {
            "x": 171,
            "y": 123,
            "width": 2,
            "height": 2
        }, {
            "x": 51,
            "y": 131,
            "width": 2,
            "height": 2
        }, {
            "x": 171,
            "y": 131,
            "width": 2,
            "height": 2
        }, {
            "x": 51,
            "y": 139,
            "width": 2,
            "height": 2
        }, {
            "x": 171,
            "y": 139,
            "width": 2,
            "height": 2
        }, {
            "x": 51,
            "y": 147,
            "width": 2,
            "height": 2
        }, {
            "x": 171,
            "y": 147,
            "width": 2,
            "height": 2
        }, {
            "x": 51,
            "y": 155,
            "width": 2,
            "height": 2
        }, {
            "x": 171,
            "y": 155,
            "width": 2,
            "height": 2
        }, {
            "x": 11,
            "y": 163,
            "width": 2,
            "height": 2
        }, {
            "x": 19,
            "y": 163,
            "width": 2,
            "height": 2
        }, {
            "x": 27,
            "y": 163,
            "width": 2,
            "height": 2
        }, {
            "x": 35,
            "y": 163,
            "width": 2,
            "height": 2
        }, {
            "x": 43,
            "y": 163,
            "width": 2,
            "height": 2
        }, {
            "x": 51,
            "y": 163,
            "width": 2,
            "height": 2
        }, {
            "x": 59,
            "y": 163,
            "width": 2,
            "height": 2
        }, {
            "x": 67,
            "y": 163,
            "width": 2,
            "height": 2
        }, {
            "x": 75,
            "y": 163,
            "width": 2,
            "height": 2
        }, {
            "x": 83,
            "y": 163,
            "width": 2,
            "height": 2
        }, {
            "x": 91,
            "y": 163,
            "width": 2,
            "height": 2
        }, {
            "x": 99,
            "y": 163,
            "width": 2,
            "height": 2
        }, {
            "x": 123,
            "y": 163,
            "width": 2,
            "height": 2
        }, {
            "x": 131,
            "y": 163,
            "width": 2,
            "height": 2
        }, {
            "x": 139,
            "y": 163,
            "width": 2,
            "height": 2
        }, {
            "x": 147,
            "y": 163,
            "width": 2,
            "height": 2
        }, {
            "x": 155,
            "y": 163,
            "width": 2,
            "height": 2
        }, {
            "x": 163,
            "y": 163,
            "width": 2,
            "height": 2
        }, {
            "x": 171,
            "y": 163,
            "width": 2,
            "height": 2
        }, {
            "x": 179,
            "y": 163,
            "width": 2,
            "height": 2
        }, {
            "x": 187,
            "y": 163,
            "width": 2,
            "height": 2
        }, {
            "x": 195,
            "y": 163,
            "width": 2,
            "height": 2
        }, {
            "x": 203,
            "y": 163,
            "width": 2,
            "height": 2
        }, {
            "x": 211,
            "y": 163,
            "width": 2,
            "height": 2
        }, {
            "x": 11,
            "y": 171,
            "width": 2,
            "height": 2
        }, {
            "x": 51,
            "y": 171,
            "width": 2,
            "height": 2
        }, {
            "x": 99,
            "y": 171,
            "width": 2,
            "height": 2
        }, {
            "x": 123,
            "y": 171,
            "width": 2,
            "height": 2
        }, {
            "x": 171,
            "y": 171,
            "width": 2,
            "height": 2
        }, {
            "x": 211,
            "y": 171,
            "width": 2,
            "height": 2
        }, {
            "x": 11,
            "y": 179,
            "width": 2,
            "height": 2
        }, {
            "x": 51,
            "y": 179,
            "width": 2,
            "height": 2
        }, {
            "x": 99,
            "y": 179,
            "width": 2,
            "height": 2
        }, {
            "x": 123,
            "y": 179,
            "width": 2,
            "height": 2
        }, {
            "x": 171,
            "y": 179,
            "width": 2,
            "height": 2
        }, {
            "x": 211,
            "y": 179,
            "width": 2,
            "height": 2
        }, {
            "x": 19,
            "y": 187,
            "width": 2,
            "height": 2
        }, {
            "x": 27,
            "y": 187,
            "width": 2,
            "height": 2
        }, {
            "x": 51,
            "y": 187,
            "width": 2,
            "height": 2
        }, {
            "x": 59,
            "y": 187,
            "width": 2,
            "height": 2
        }, {
            "x": 67,
            "y": 187,
            "width": 2,
            "height": 2
        }, {
            "x": 75,
            "y": 187,
            "width": 2,
            "height": 2
        }, {
            "x": 83,
            "y": 187,
            "width": 2,
            "height": 2
        }, {
            "x": 91,
            "y": 187,
            "width": 2,
            "height": 2
        }, {
            "x": 99,
            "y": 187,
            "width": 2,
            "height": 2
        }, {
            "x": 123,
            "y": 187,
            "width": 2,
            "height": 2
        }, {
            "x": 131,
            "y": 187,
            "width": 2,
            "height": 2
        }, {
            "x": 139,
            "y": 187,
            "width": 2,
            "height": 2
        }, {
            "x": 147,
            "y": 187,
            "width": 2,
            "height": 2
        }, {
            "x": 155,
            "y": 187,
            "width": 2,
            "height": 2
        }, {
            "x": 163,
            "y": 187,
            "width": 2,
            "height": 2
        }, {
            "x": 171,
            "y": 187,
            "width": 2,
            "height": 2
        }, {
            "x": 195,
            "y": 187,
            "width": 2,
            "height": 2
        }, {
            "x": 203,
            "y": 187,
            "width": 2,
            "height": 2
        }, {
            "x": 27,
            "y": 195,
            "width": 2,
            "height": 2
        }, {
            "x": 51,
            "y": 195,
            "width": 2,
            "height": 2
        }, {
            "x": 75,
            "y": 195,
            "width": 2,
            "height": 2
        }, {
            "x": 147,
            "y": 195,
            "width": 2,
            "height": 2
        }, {
            "x": 171,
            "y": 195,
            "width": 2,
            "height": 2
        }, {
            "x": 195,
            "y": 195,
            "width": 2,
            "height": 2
        }, {
            "x": 27,
            "y": 203,
            "width": 2,
            "height": 2
        }, {
            "x": 51,
            "y": 203,
            "width": 2,
            "height": 2
        }, {
            "x": 75,
            "y": 203,
            "width": 2,
            "height": 2
        }, {
            "x": 147,
            "y": 203,
            "width": 2,
            "height": 2
        }, {
            "x": 171,
            "y": 203,
            "width": 2,
            "height": 2
        }, {
            "x": 195,
            "y": 203,
            "width": 2,
            "height": 2
        }, {
            "x": 11,
            "y": 211,
            "width": 2,
            "height": 2
        }, {
            "x": 19,
            "y": 211,
            "width": 2,
            "height": 2
        }, {
            "x": 27,
            "y": 211,
            "width": 2,
            "height": 2
        }, {
            "x": 35,
            "y": 211,
            "width": 2,
            "height": 2
        }, {
            "x": 43,
            "y": 211,
            "width": 2,
            "height": 2
        }, {
            "x": 51,
            "y": 211,
            "width": 2,
            "height": 2
        }, {
            "x": 75,
            "y": 211,
            "width": 2,
            "height": 2
        }, {
            "x": 83,
            "y": 211,
            "width": 2,
            "height": 2
        }, {
            "x": 91,
            "y": 211,
            "width": 2,
            "height": 2
        }, {
            "x": 99,
            "y": 211,
            "width": 2,
            "height": 2
        }, {
            "x": 123,
            "y": 211,
            "width": 2,
            "height": 2
        }, {
            "x": 131,
            "y": 211,
            "width": 2,
            "height": 2
        }, {
            "x": 139,
            "y": 211,
            "width": 2,
            "height": 2
        }, {
            "x": 147,
            "y": 211,
            "width": 2,
            "height": 2
        }, {
            "x": 171,
            "y": 211,
            "width": 2,
            "height": 2
        }, {
            "x": 179,
            "y": 211,
            "width": 2,
            "height": 2
        }, {
            "x": 187,
            "y": 211,
            "width": 2,
            "height": 2
        }, {
            "x": 195,
            "y": 211,
            "width": 2,
            "height": 2
        }, {
            "x": 203,
            "y": 211,
            "width": 2,
            "height": 2
        }, {
            "x": 211,
            "y": 211,
            "width": 2,
            "height": 2
        }, {
            "x": 11,
            "y": 219,
            "width": 2,
            "height": 2
        }, {
            "x": 99,
            "y": 219,
            "width": 2,
            "height": 2
        }, {
            "x": 123,
            "y": 219,
            "width": 2,
            "height": 2
        }, {
            "x": 211,
            "y": 219,
            "width": 2,
            "height": 2
        }, {
            "x": 11,
            "y": 227,
            "width": 2,
            "height": 2
        }, {
            "x": 99,
            "y": 227,
            "width": 2,
            "height": 2
        }, {
            "x": 123,
            "y": 227,
            "width": 2,
            "height": 2
        }, {
            "x": 211,
            "y": 227,
            "width": 2,
            "height": 2
        }, {
            "x": 11,
            "y": 235,
            "width": 2,
            "height": 2
        }, {
            "x": 19,
            "y": 235,
            "width": 2,
            "height": 2
        }, {
            "x": 27,
            "y": 235,
            "width": 2,
            "height": 2
        }, {
            "x": 35,
            "y": 235,
            "width": 2,
            "height": 2
        }, {
            "x": 43,
            "y": 235,
            "width": 2,
            "height": 2
        }, {
            "x": 51,
            "y": 235,
            "width": 2,
            "height": 2
        }, {
            "x": 59,
            "y": 235,
            "width": 2,
            "height": 2
        }, {
            "x": 67,
            "y": 235,
            "width": 2,
            "height": 2
        }, {
            "x": 75,
            "y": 235,
            "width": 2,
            "height": 2
        }, {
            "x": 83,
            "y": 235,
            "width": 2,
            "height": 2
        }, {
            "x": 91,
            "y": 235,
            "width": 2,
            "height": 2
        }, {
            "x": 99,
            "y": 235,
            "width": 2,
            "height": 2
        }, {
            "x": 107,
            "y": 235,
            "width": 2,
            "height": 2
        }, {
            "x": 115,
            "y": 235,
            "width": 2,
            "height": 2
        }, {
            "x": 123,
            "y": 235,
            "width": 2,
            "height": 2
        }, {
            "x": 131,
            "y": 235,
            "width": 2,
            "height": 2
        }, {
            "x": 139,
            "y": 235,
            "width": 2,
            "height": 2
        }, {
            "x": 147,
            "y": 235,
            "width": 2,
            "height": 2
        }, {
            "x": 155,
            "y": 235,
            "width": 2,
            "height": 2
        }, {
            "x": 163,
            "y": 235,
            "width": 2,
            "height": 2
        }, {
            "x": 171,
            "y": 235,
            "width": 2,
            "height": 2
        }, {
            "x": 179,
            "y": 235,
            "width": 2,
            "height": 2
        }, {
            "x": 187,
            "y": 235,
            "width": 2,
            "height": 2
        }, {
            "x": 195,
            "y": 235,
            "width": 2,
            "height": 2
        }, {
            "x": 203,
            "y": 235,
            "width": 2,
            "height": 2
        }, {
            "x": 211,
            "y": 235,
            "width": 2,
            "height": 2
        }]
    },

    "food": {
        "x": 11,
        "y": 11,
        "width": 2,
        "height": 2
    },

    "tablet": {
        "x": 208,
        "y": 24,
        "width": 8,
        "height": 8
    },

    "position": {
        "red": { "x": 4, "y": 228, "direction": "right" },
        "pink": { "x": 4, "y": 4, "direction": "down" },
        "turquoise": { "x": 204, "y": 228, "direction": "up" },
        "banana": { "x": 204, "y": 4, "direction": "left" },
        "pacman": { "x": 104, "y": 181 },
        "tablets": [
            { "x": 8, "y": 24, "width": 8, "height": 8 },
            { "x": 208, "y": 24, "width": 8, "height": 8 },
            { "x": 208, "y": 184, "width": 8, "height": 8 },
            { "x": 8, "y": 184, "width": 8, "height": 8 }
        ],
        "leftPortal": {
            "x": -10,
            "y": 104,
            "width": 10,
            "height": 24
        },
        "rightPortal": {
            "x": 224,
            "y": 104,
            "width": 10,
            "height": 24
        }
    }
}